"state","fdid","fd_name","year","type","total","structure","mobile","mh","veg","rubbish","special","crop","other","not_fire"
"CA","01065","LIVERMOREPLEASANTON FD","2006","Other","1","0","0","0","1","0","0","0","0","0"
"CA","01065","LIVERMOREPLEASANTON FD","2007","Other","469","94","63","2","71","51","11","3","21","153"
"CA","01065","LIVERMOREPLEASANTON FD","2008","Other","480","86","53","4","97","41","20","2","0","177"
"CA","01065","LIVERMOREPLEASANTON FD","2009","Other","462","87","58","1","62","39","13","3","1","198"
"CA","01065","LIVERMOREPLEASANTON FD","2010","Battery","1","0","1","0","0","0","0","0","0","0"
"CA","01065","LIVERMOREPLEASANTON FD","2010","Other","437","86","57","2","75","34","7","4","0","172"
"CA","01065","LIVERMOREPLEASANTON FD","2011","Other","453","92","62","2","60","31","14","0","2","190"
"CA","01065","LIVERMOREPLEASANTON FD","2012","Other","115","28","15","0","4","9","1","0","2","56"
"CA","01065","LIVERMOREPLEASANTON FD","2013","Other","703","110","74","1","128","75","19","1","34","261"
"CA","01065","LIVERMOREPLEASANTON FD","2014","Other","588","94","75","6","85","61","12","3","35","217"
"CA","01065","LIVERMOREPLEASANTON FD","2015","Other","655","95","65","3","110","106","15","1","40","220"
"CA","01065","LIVERMOREPLEASANTON FD","2016","Battery","1","0","1","0","0","0","0","0","0","0"
"CA","01065","LIVERMOREPLEASANTON FD","2016","Other","682","103","74","3","106","90","19","1","28","258"
"CA","01065","LIVERMOREPLEASANTON FD","2017","Battery","2","1","0","0","0","0","0","0","1","0"
"CA","01065","LIVERMOREPLEASANTON FD","2017","Other","14343","110","101","4","100","116","16","3","28","13865"
"CA","01065","LIVERMOREPLEASANTON FD","2018","Battery","1","0","1","0","0","0","0","0","0","0"
"CA","01065","LIVERMOREPLEASANTON FD","2018","Other","14172","103","84","1","91","91","12","0","25","13765"
"CA","01065","LIVERMOREPLEASANTON FD","2019","Battery","1","0","1","0","0","0","0","0","0","0"
"CA","01065","LIVERMOREPLEASANTON FD","2019","Other","14594","89","80","5","103","108","11","2","23","14173"
"CA","01065","LIVERMOREPLEASANTON FD","2020","Battery","1","1","0","0","0","0","0","0","0","0"
"CA","01065","LIVERMOREPLEASANTON FD","2020","Other","13113","90","72","3","138","168","15","0","31","12596"
"CA","01065","LIVERMOREPLEASANTON FD","2021","Other","13979","87","70","4","97","189","21","0","25","13486"
"CA","01065","LIVERMOREPLEASANTON FD","2022","Battery","2","0","2","0","0","0","0","0","0","0"
"CA","01065","LIVERMOREPLEASANTON FD","2022","Other","16142","88","69","2","106","203","15","2","21","15636"
"CA","01065","LIVERMOREPLEASANTON FD","2023","Battery","1","0","0","0","0","0","1","0","0","0"
"CA","01065","LIVERMOREPLEASANTON FD","2023","Other","16570","105","71","0","76","194","16","2","29","16077"
"CA","19105","LOS ANGELES CITY FD","2005","Battery","18","1","17","0","0","0","0","0","0","0"
"CA","19105","LOS ANGELES CITY FD","2005","Other","16146","4425","3120","59","762","2126","149","5","296","5204"
"CA","19105","LOS ANGELES CITY FD","2006","Battery","8","0","7","0","1","0","0","0","0","0"
"CA","19105","LOS ANGELES CITY FD","2006","Other","17460","4510","3181","61","883","2471","203","38","232","5881"
"CA","19105","LOS ANGELES CITY FD","2007","Battery","16","0","16","0","0","0","0","0","0","0"
"CA","19105","LOS ANGELES CITY FD","2007","Other","17145","4422","3106","48","788","2471","173","16","252","5869"
"CA","19105","LOS ANGELES CITY FD","2008","Battery","4","0","4","0","0","0","0","0","0","0"
"CA","19105","LOS ANGELES CITY FD","2008","Other","14348","3942","2780","35","633","1758","188","46","193","4773"
"CA","19105","LOS ANGELES CITY FD","2009","Battery","10","1","9","0","0","0","0","0","0","0"
"CA","19105","LOS ANGELES CITY FD","2009","Other","13266","3751","2418","34","546","1588","145","55","233","4496"
"CA","19105","LOS ANGELES CITY FD","2010","Battery","3","0","3","0","0","0","0","0","0","0"
"CA","19105","LOS ANGELES CITY FD","2010","Other","12283","3676","2092","32","413","1241","116","37","144","4532"
"CA","19105","LOS ANGELES CITY FD","2011","Battery","3","1","1","0","0","1","0","0","0","0"
"CA","19105","LOS ANGELES CITY FD","2011","Other","12272","3638","1949","41","440","1355","123","40","59","4627"
"CA","19105","LOS ANGELES CITY FD","2012","Battery","3","0","3","0","0","0","0","0","0","0"
"CA","19105","LOS ANGELES CITY FD","2012","Other","8995","2720","1452","23","287","1233","77","25","53","3125"
"CA","19105","LOS ANGELES CITY FD","2013","Battery","8","1","7","0","0","0","0","0","0","0"
"CA","19105","LOS ANGELES CITY FD","2013","Other","12246","3761","1828","25","495","1659","117","48","52","4261"
"CA","19105","LOS ANGELES CITY FD","2014","Battery","12","1","10","0","0","1","0","0","0","0"
"CA","19105","LOS ANGELES CITY FD","2014","Other","13482","3757","1802","30","528","1929","139","51","322","4924"
"CA","19105","LOS ANGELES CITY FD","2015","Battery","13","0","13","0","0","0","0","0","0","0"
"CA","19105","LOS ANGELES CITY FD","2015","Other","12830","3730","1680","42","493","1738","104","32","364","4647"
"CA","19105","LOS ANGELES CITY FD","2016","Battery","11","1","9","0","0","0","0","0","1","0"
"CA","19105","LOS ANGELES CITY FD","2016","Other","12771","3774","1659","42","527","1633","119","53","439","4525"
"CA","19105","LOS ANGELES CITY FD","2017","Battery","8","0","7","0","0","0","0","0","1","0"
"CA","19105","LOS ANGELES CITY FD","2017","Other","74821","4516","1968","87","771","2656","134","62","486","64141"
"CA","19105","LOS ANGELES CITY FD","2018","Battery","7","1","5","0","0","0","0","0","1","0"
"CA","19105","LOS ANGELES CITY FD","2018","Other","77861","5028","1834","72","632","3033","142","50","537","66533"
"CA","19105","LOS ANGELES CITY FD","2019","Battery","9","2","4","0","0","1","1","0","1","0"
"CA","19105","LOS ANGELES CITY FD","2019","Other","85673","5287","1891","94","607","3181","115","53","548","73897"
"CA","19105","LOS ANGELES CITY FD","2020","Battery","5","0","3","0","0","0","0","0","2","0"
"CA","19105","LOS ANGELES CITY FD","2020","Other","54829","3810","1439","58","622","4160","112","34","347","44247"
"CA","19105","LOS ANGELES CITY FD","2021","Battery","11","3","6","0","0","1","0","0","1","0"
"CA","19105","LOS ANGELES CITY FD","2021","Other","70191","4346","1504","92","390","4880","107","40","438","58394"
"CA","19105","LOS ANGELES CITY FD","2022","Battery","4","1","1","0","0","0","0","0","2","0"
"CA","19105","LOS ANGELES CITY FD","2022","Other","91059","4931","2000","92","688","10801","112","71","315","72049"
"CA","19105","LOS ANGELES CITY FD","2023","Battery","1","0","1","0","0","0","0","0","0","0"
"CA","19105","LOS ANGELES CITY FD","2023","Other","99875","3558","2226","42","621","16863","79","59","0","76427"
"CA","30020","COSTA MESA FD","2005","Other","334","113","46","2","18","19","7","0","13","116"
"CA","30020","COSTA MESA FD","2006","Other","427","128","44","2","26","37","7","5","14","164"
"CA","30020","COSTA MESA FD","2007","Other","489","138","68","2","41","33","15","2","24","166"
"CA","30020","COSTA MESA FD","2008","Other","370","85","52","2","39","32","8","1","9","142"
"CA","30020","COSTA MESA FD","2009","Battery","1","0","1","0","0","0","0","0","0","0"
"CA","30020","COSTA MESA FD","2009","Other","328","62","39","1","9","51","7","3","18","138"
"CA","30020","COSTA MESA FD","2010","Other","360","76","36","2","11","29","3","1","22","180"
"CA","30020","COSTA MESA FD","2011","Other","351","80","47","1","17","51","7","0","20","128"
"CA","30020","COSTA MESA FD","2012","Other","212","46","19","0","7","35","8","0","8","89"
"CA","30020","COSTA MESA FD","2013","Other","266","75","27","2","12","33","3","1","9","104"
"CA","30020","COSTA MESA FD","2014","Other","273","63","22","1","12","23","9","1","12","130"
"CA","30020","COSTA MESA FD","2015","Other","377","89","41","0","23","52","14","2","10","146"
"CA","30020","COSTA MESA FD","2016","Battery","1","0","1","0","0","0","0","0","0","0"
"CA","30020","COSTA MESA FD","2016","Other","461","97","46","0","31","66","12","3","5","201"
"CA","30020","COSTA MESA FD","2017","Other","12855","89","31","1","31","43","10","1","9","12640"
"CA","30020","COSTA MESA FD","2018","Battery","1","0","1","0","0","0","0","0","0","0"
"CA","30020","COSTA MESA FD","2018","Other","9536","67","39","2","11","48","6","4","12","9347"
"CA","30020","COSTA MESA FD","2019","Battery","1","1","0","0","0","0","0","0","0","0"
"CA","30020","COSTA MESA FD","2019","Other","12667","98","36","2","19","51","9","3","19","12430"
"CA","30020","COSTA MESA FD","2020","Battery","1","1","0","0","0","0","0","0","0","0"
"CA","30020","COSTA MESA FD","2020","Other","8606","56","24","0","23","53","3","1","19","8427"
"CA","30020","COSTA MESA FD","2021","Battery","2","1","1","0","0","0","0","0","0","0"
"CA","30020","COSTA MESA FD","2021","Other","13273","83","30","1","10","65","3","0","14","13067"
"CA","30020","COSTA MESA FD","2022","Other","14448","97","33","1","29","63","4","1","20","14200"
"CA","30020","COSTA MESA FD","2023","Other","13839","100","36","2","28","72","4","5","14","13578"
"CA","30065","ORANGE COUNTY FIRE AUTHORITY","2005","Battery","1","0","1","0","0","0","0","0","0","0"
"CA","30065","ORANGE COUNTY FIRE AUTHORITY","2005","Other","3752","730","547","19","165","449","126","34","128","1554"
"CA","30065","ORANGE COUNTY FIRE AUTHORITY","2006","Battery","1","1","0","0","0","0","0","0","0","0"
"CA","30065","ORANGE COUNTY FIRE AUTHORITY","2006","Other","1834","324","246","2","99","225","71","20","70","777"
"CA","30065","ORANGE COUNTY FIRE AUTHORITY","2007","Other","3433","673","414","8","188","381","123","31","147","1468"
"CA","30065","ORANGE COUNTY FIRE AUTHORITY","2008","Other","2858","693","300","10","129","306","114","17","111","1178"
"CA","30065","ORANGE COUNTY FIRE AUTHORITY","2009","Other","2859","604","421","11","129","364","123","34","149","1024"
"CA","30065","ORANGE COUNTY FIRE AUTHORITY","2010","Battery","2","1","1","0","0","0","0","0","0","0"
"CA","30065","ORANGE COUNTY FIRE AUTHORITY","2010","Other","2424","429","336","7","84","250","79","16","155","1068"
"CA","30065","ORANGE COUNTY FIRE AUTHORITY","2011","Battery","2","0","0","0","0","0","0","0","2","0"
"CA","30065","ORANGE COUNTY FIRE AUTHORITY","2011","Other","2525","434","368","11","128","296","88","20","220","960"
"CA","30065","ORANGE COUNTY FIRE AUTHORITY","2012","Battery","3","1","0","0","0","0","0","0","2","0"
"CA","30065","ORANGE COUNTY FIRE AUTHORITY","2012","Other","2118","308","308","6","92","291","66","16","200","831"
"CA","30065","ORANGE COUNTY FIRE AUTHORITY","2013","Battery","2","1","0","0","0","0","0","0","1","0"
"CA","30065","ORANGE COUNTY FIRE AUTHORITY","2013","Other","3084","441","430","9","137","370","145","21","227","1304"
"CA","30065","ORANGE COUNTY FIRE AUTHORITY","2014","Battery","5","3","1","0","0","0","0","0","1","0"
"CA","30065","ORANGE COUNTY FIRE AUTHORITY","2014","Other","3252","511","455","6","120","345","216","19","213","1367"
"CA","30065","ORANGE COUNTY FIRE AUTHORITY","2015","Battery","3","2","0","0","0","0","1","0","0","0"
"CA","30065","ORANGE COUNTY FIRE AUTHORITY","2015","Other","3050","646","403","13","162","323","160","24","38","1281"
"CA","30065","ORANGE COUNTY FIRE AUTHORITY","2016","Battery","10","9","1","0","0","0","0","0","0","0"
"CA","30065","ORANGE COUNTY FIRE AUTHORITY","2016","Other","3152","594","403","7","174","391","180","40","19","1344"
"CA","30065","ORANGE COUNTY FIRE AUTHORITY","2017","Battery","5","4","0","0","0","0","1","0","0","0"
"CA","30065","ORANGE COUNTY FIRE AUTHORITY","2017","Other","137211","637","422","14","167","454","192","53","34","135238"
"CA","30065","ORANGE COUNTY FIRE AUTHORITY","2018","Battery","11","8","1","0","0","0","2","0","0","0"
"CA","30065","ORANGE COUNTY FIRE AUTHORITY","2018","Other","137851","645","470","21","123","459","212","47","34","135840"
"CA","30065","ORANGE COUNTY FIRE AUTHORITY","2019","Battery","3","3","0","0","0","0","0","0","0","0"
"CA","30065","ORANGE COUNTY FIRE AUTHORITY","2019","Other","151230","701","413","26","96","535","124","42","44","149249"
"CA","30065","ORANGE COUNTY FIRE AUTHORITY","2020","Battery","6","4","1","0","0","0","0","0","1","0"
"CA","30065","ORANGE COUNTY FIRE AUTHORITY","2020","Other","147986","637","502","12","227","704","188","27","23","145666"
"CA","30065","ORANGE COUNTY FIRE AUTHORITY","2021","Battery","3","0","0","0","0","0","3","0","0","0"
"CA","30065","ORANGE COUNTY FIRE AUTHORITY","2021","Other","161773","714","575","19","313","912","196","22","24","158998"
"CA","30065","ORANGE COUNTY FIRE AUTHORITY","2022","Battery","10","9","1","0","0","0","0","0","0","0"
"CA","30065","ORANGE COUNTY FIRE AUTHORITY","2022","Other","175311","680","483","11","241","1029","190","14","29","172634"
"CA","30065","ORANGE COUNTY FIRE AUTHORITY","2023","Battery","6","4","0","0","0","0","1","0","1","0"
"CA","30065","ORANGE COUNTY FIRE AUTHORITY","2023","Other","172328","552","445","18","139","831","100","15","112","170116"
"CA","33090","RIVERSIDE CFD","2006","Other","553","71","121","14","44","130","19","6","33","115"
"CA","33090","RIVERSIDE CFD","2007","Battery","2","1","1","0","0","0","0","0","0","0"
"CA","33090","RIVERSIDE CFD","2007","Other","2836","289","662","81","271","638","90","21","175","609"
"CA","33090","RIVERSIDE CFD","2008","Other","2418","291","611","72","250","486","81","10","128","489"
"CA","33090","RIVERSIDE CFD","2009","Other","1822","260","439","37","196","317","54","13","110","396"
"CA","33090","RIVERSIDE CFD","2010","Other","1530","160","342","40","182","300","53","10","73","370"
"CA","33090","RIVERSIDE CFD","2011","Battery","1","0","1","0","0","0","0","0","0","0"
"CA","33090","RIVERSIDE CFD","2011","Other","1703","154","331","50","262","351","66","8","78","403"
"CA","33090","RIVERSIDE CFD","2012","Other","1127","128","204","24","187","211","38","6","50","279"
"CA","33090","RIVERSIDE CFD","2013","Other","1714","207","344","39","270","349","34","9","63","399"
"CA","33090","RIVERSIDE CFD","2014","Other","1696","210","343","32","236","349","37","12","76","401"
"CA","33090","RIVERSIDE CFD","2015","Other","1699","196","382","31","246","308","34","13","87","402"
"CA","33090","RIVERSIDE CFD","2016","Battery","1","1","0","0","0","0","0","0","0","0"
"CA","33090","RIVERSIDE CFD","2016","Other","1619","182","358","34","215","291","45","10","73","411"
"CA","33090","RIVERSIDE CFD","2017","Other","41352","173","459","40","304","333","46","8","70","39919"
"CA","33090","RIVERSIDE CFD","2018","Battery","1","1","0","0","0","0","0","0","0","0"
"CA","33090","RIVERSIDE CFD","2018","Other","40778","167","429","46","353","418","35","7","72","39251"
"CA","33090","RIVERSIDE CFD","2019","Battery","1","0","1","0","0","0","0","0","0","0"
"CA","33090","RIVERSIDE CFD","2019","Other","41923","170","198","19","288","220","28","13","2","40985"
"CA","33090","RIVERSIDE CFD","2020","Battery","1","0","1","0","0","0","0","0","0","0"
"CA","33090","RIVERSIDE CFD","2020","Other","43610","283","477","42","364","470","52","26","0","41896"
"CA","33090","RIVERSIDE CFD","2021","Battery","2","1","0","1","0","0","0","0","0","0"
"CA","33090","RIVERSIDE CFD","2021","Other","46697","350","447","47","252","480","34","14","0","45073"
"CA","33090","RIVERSIDE CFD","2022","Battery","4","2","1","0","0","0","1","0","0","0"
"CA","33090","RIVERSIDE CFD","2022","Other","49625","296","459","50","310","611","33","12","0","47854"
"CA","33090","RIVERSIDE CFD","2023","Battery","4","1","1","1","0","0","1","0","0","0"
"CA","33090","RIVERSIDE CFD","2023","Other","50678","292","403","53","296","541","57","14","0","49022"
"CA","38005","SAN FRANCISCO FD","2005","Other","5175","2245","366","7","140","592","42","5","125","1653"
"CA","38005","SAN FRANCISCO FD","2006","Other","5213","2304","247","5","112","629","27","1","130","1758"
"CA","38005","SAN FRANCISCO FD","2007","Other","5518","2584","338","7","128","653","56","3","3","1746"
"CA","38005","SAN FRANCISCO FD","2008","Other","5223","2216","294","7","120","644","64","7","0","1871"
"CA","38005","SAN FRANCISCO FD","2009","Other","4990","2163","272","15","113","730","79","3","3","1612"
"CA","38005","SAN FRANCISCO FD","2010","Other","5079","2322","266","6","95","667","49","6","0","1668"
"CA","38005","SAN FRANCISCO FD","2011","Other","5068","2211","259","3","86","825","54","3","2","1625"
"CA","38005","SAN FRANCISCO FD","2012","Other","2435","837","124","2","56","504","24","2","1","885"
"CA","38005","SAN FRANCISCO FD","2013","Other","5124","1997","194","6","125","997","89","5","4","1707"
"CA","38005","SAN FRANCISCO FD","2014","Other","2971","960","128","11","75","694","62","5","127","909"
"CA","38005","SAN FRANCISCO FD","2015","Other","4944","1254","268","30","126","1314","124","2","311","1515"
"CA","38005","SAN FRANCISCO FD","2016","Other","4157","1207","181","5","120","1079","105","2","172","1286"
"CA","38005","SAN FRANCISCO FD","2017","Other","30971","1394","230","11","125","1253","100","1","250","27607"
"CA","38005","SAN FRANCISCO FD","2018","Battery","2","0","0","0","0","0","0","0","2","0"
"CA","38005","SAN FRANCISCO FD","2018","Other","31295","1279","196","11","86","1239","97","3","292","28092"
"CA","38005","SAN FRANCISCO FD","2019","Battery","1","0","0","0","0","0","0","0","1","0"
"CA","38005","SAN FRANCISCO FD","2019","Other","32251","1264","189","8","162","1344","90","0","267","28927"
"CA","38005","SAN FRANCISCO FD","2020","Battery","1","1","0","0","0","0","0","0","0","0"
"CA","38005","SAN FRANCISCO FD","2020","Other","22283","1031","166","11","122","1612","145","0","169","19027"
"CA","38005","SAN FRANCISCO FD","2021","Battery","1","1","0","0","0","0","0","0","0","0"
"CA","38005","SAN FRANCISCO FD","2021","Other","29334","1239","237","17","166","2244","223","2","172","25034"
"CA","38005","SAN FRANCISCO FD","2022","Battery","3","1","0","0","0","1","0","0","1","0"
"CA","38005","SAN FRANCISCO FD","2022","Other","34016","1518","249","14","167","3334","393","1","153","28187"
"CA","38005","SAN FRANCISCO FD","2023","Other","36926","1599","274","18","103","3761","321","2","172","30676"
"CO","00180","NORTH METRO FRD","2003","Other","7133","138","52","1","27","31","9","1","19","6855"
"CO","00180","NORTH METRO FRD","2004","Other","599","111","48","6","29","21","10","1","22","351"
"CO","00180","NORTH METRO FRD","2005","Other","668","150","50","5","73","38","9","0","12","331"
"CO","00180","NORTH METRO FRD","2006","Other","658","175","39","5","51","57","9","1","9","312"
"CO","00180","NORTH METRO FRD","2007","Battery","1","0","1","0","0","0","0","0","0","0"
"CO","00180","NORTH METRO FRD","2007","Other","570","143","36","4","44","36","6","0","13","288"
"CO","00180","NORTH METRO FRD","2008","Other","573","129","29","2","67","39","16","1","11","279"
"CO","00180","NORTH METRO FRD","2009","Other","519","107","38","1","47","31","10","1","9","275"
"CO","00180","NORTH METRO FRD","2010","Other","504","111","37","1","59","34","9","0","7","246"
"CO","00180","NORTH METRO FRD","2011","Other","486","107","33","0","57","28","7","0","11","243"
"CO","00180","NORTH METRO FRD","2012","Other","528","125","42","2","58","37","14","0","13","237"
"CO","00180","NORTH METRO FRD","2013","Battery","1","0","1","0","0","0","0","0","0","0"
"CO","00180","NORTH METRO FRD","2013","Other","488","121","46","3","29","25","11","1","0","252"
"CO","00180","NORTH METRO FRD","2014","Other","442","119","29","0","29","28","7","1","0","229"
"CO","00180","NORTH METRO FRD","2015","Other","484","102","31","2","34","31","8","0","0","276"
"CO","00180","NORTH METRO FRD","2016","Battery","1","0","1","0","0","0","0","0","0","0"
"CO","00180","NORTH METRO FRD","2016","Other","520","140","41","1","50","34","5","0","0","249"
"CO","00180","NORTH METRO FRD","2017","Battery","1","1","0","0","0","0","0","0","0","0"
"CO","00180","NORTH METRO FRD","2017","Other","11721","101","22","1","44","12","2","0","2","11537"
"CO","00180","NORTH METRO FRD","2018","Other","12454","152","29","0","47","18","6","2","0","12200"
"CO","00180","NORTH METRO FRD","2019","Other","12925","112","40","1","34","19","9","1","0","12709"
"CO","00180","NORTH METRO FRD","2020","Battery","2","2","0","0","0","0","0","0","0","0"
"CO","00180","NORTH METRO FRD","2020","Other","12246","117","41","2","74","35","15","0","4","11958"
"CO","00180","NORTH METRO FRD","2021","Battery","2","1","1","0","0","0","0","0","0","0"
"CO","00180","NORTH METRO FRD","2021","Other","13531","91","35","2","39","50","5","0","1","13308"
"CO","00180","NORTH METRO FRD","2022","Battery","1","0","1","0","0","0","0","0","0","0"
"CO","00180","NORTH METRO FRD","2022","Other","16677","128","58","3","74","47","10","2","6","16349"
"CO","00180","NORTH METRO FRD","2023","Battery","2","1","1","0","0","0","0","0","0","0"
"CO","00180","NORTH METRO FRD","2023","Other","17348","102","42","5","41","47","9","1","9","17092"
"CO","00520","SOUTH METRO FIRE RESCUE AUTHOR","2002","Other","8275","67","66","0","43","32","8","12","2","8045"
"CO","00520","SOUTH METRO FIRE RESCUE AUTHOR","2003","Other","8573","46","47","0","30","19","1","1","12","8417"
"CO","00520","SOUTH METRO FIRE RESCUE AUTHOR","2004","Other","893","44","43","0","21","19","1","1","5","759"
"CO","00520","SOUTH METRO FIRE RESCUE AUTHOR","2005","Other","910","49","41","1","32","18","5","0","5","759"
"CO","00520","SOUTH METRO FIRE RESCUE AUTHOR","2006","Battery","1","0","1","0","0","0","0","0","0","0"
"CO","00520","SOUTH METRO FIRE RESCUE AUTHOR","2006","Other","942","59","39","2","57","18","12","0","28","727"
"CO","00520","SOUTH METRO FIRE RESCUE AUTHOR","2007","Other","901","51","34","0","37","15","8","0","25","731"
"CO","00520","SOUTH METRO FIRE RESCUE AUTHOR","2008","Other","758","61","37","0","58","26","33","0","0","543"
"CO","00520","SOUTH METRO FIRE RESCUE AUTHOR","2009","Other","1351","148","57","2","50","28","12","0","0","1054"
"CO","00520","SOUTH METRO FIRE RESCUE AUTHOR","2010","Other","1266","144","43","1","125","26","6","2","0","919"
"CO","00520","SOUTH METRO FIRE RESCUE AUTHOR","2011","Other","1171","161","45","1","82","36","23","0","0","823"
"CO","00520","SOUTH METRO FIRE RESCUE AUTHOR","2012","Other","785","164","59","2","63","23","13","0","0","461"
"CO","00520","SOUTH METRO FIRE RESCUE AUTHOR","2013","Other","776","147","62","0","50","25","24","0","0","468"
"CO","00520","SOUTH METRO FIRE RESCUE AUTHOR","2014","Other","736","164","53","0","38","17","12","0","0","452"
"CO","00520","SOUTH METRO FIRE RESCUE AUTHOR","2015","Battery","1","1","0","0","0","0","0","0","0","0"
"CO","00520","SOUTH METRO FIRE RESCUE AUTHOR","2015","Other","819","168","44","0","47","27","27","0","0","506"
"CO","00520","SOUTH METRO FIRE RESCUE AUTHOR","2016","Battery","1","1","0","0","0","0","0","0","0","0"
"CO","00520","SOUTH METRO FIRE RESCUE AUTHOR","2016","Other","765","142","70","1","21","32","23","0","0","476"
"CO","00520","SOUTH METRO FIRE RESCUE AUTHOR","2017","Other","20220","146","53","1","104","47","42","0","0","19827"
"CO","00520","SOUTH METRO FIRE RESCUE AUTHOR","2018","Battery","1","1","0","0","0","0","0","0","0","0"
"CO","00520","SOUTH METRO FIRE RESCUE AUTHOR","2018","Other","26562","211","83","1","108","49","65","1","0","26044"
"CO","00520","SOUTH METRO FIRE RESCUE AUTHOR","2019","Other","42978","298","101","1","71","46","70","0","0","42391"
"CO","00520","SOUTH METRO FIRE RESCUE AUTHOR","2020","Other","41105","292","94","2","149","72","134","1","0","40361"
"CO","00520","SOUTH METRO FIRE RESCUE AUTHOR","2021","Battery","1","0","0","0","0","0","1","0","0","0"
"CO","00520","SOUTH METRO FIRE RESCUE AUTHOR","2021","Other","46240","250","108","4","88","85","149","1","0","45555"
"CO","00520","SOUTH METRO FIRE RESCUE AUTHOR","2022","Battery","1","1","0","0","0","0","0","0","0","0"
"CO","00520","SOUTH METRO FIRE RESCUE AUTHOR","2022","Other","50443","222","123","8","146","74","121","0","0","49749"
"CO","00520","SOUTH METRO FIRE RESCUE AUTHOR","2023","Battery","4","4","0","0","0","0","0","0","0","0"
"CO","00520","SOUTH METRO FIRE RESCUE AUTHOR","2023","Other","50937","208","117","6","61","97","82","0","4","50362"
"CO","05909","WEST METRO FIRE RESCUE","2002","Other","21423","246","153","6","96","91","22","1","42","20766"
"CO","05909","WEST METRO FIRE RESCUE","2003","Other","21816","248","143","2","128","69","22","1","41","21162"
"CO","05909","WEST METRO FIRE RESCUE","2004","Other","1083","214","108","2","69","86","18","2","49","535"
"CO","05909","WEST METRO FIRE RESCUE","2005","Other","1001","192","98","2","67","67","18","0","31","526"
"CO","05909","WEST METRO FIRE RESCUE","2006","Other","1026","175","88","3","86","80","18","2","29","545"
"CO","05909","WEST METRO FIRE RESCUE","2007","Other","988","167","66","2","62","62","9","2","36","582"
"CO","05909","WEST METRO FIRE RESCUE","2008","Other","1080","157","74","1","127","58","6","4","27","626"
"CO","05909","WEST METRO FIRE RESCUE","2009","Other","1141","152","50","0","72","52","12","1","52","750"
"CO","05909","WEST METRO FIRE RESCUE","2010","Other","1420","158","77","0","90","54","25","0","0","1016"
"CO","05909","WEST METRO FIRE RESCUE","2011","Other","1633","198","69","0","72","50","31","0","0","1213"
"CO","05909","WEST METRO FIRE RESCUE","2012","Other","1631","202","66","4","77","53","19","0","0","1210"
"CO","05909","WEST METRO FIRE RESCUE","2013","Other","1036","179","65","3","41","45","16","0","0","687"
"CO","05909","WEST METRO FIRE RESCUE","2014","Other","1012","208","60","4","50","66","23","0","0","601"
"CO","05909","WEST METRO FIRE RESCUE","2015","Other","819","165","59","2","33","43","20","0","0","497"
"CO","05909","WEST METRO FIRE RESCUE","2016","Battery","2","2","0","0","0","0","0","0","0","0"
"CO","05909","WEST METRO FIRE RESCUE","2016","Other","1294","225","83","5","99","68","40","1","0","773"
"CO","05909","WEST METRO FIRE RESCUE","2017","Battery","3","2","0","0","0","1","0","0","0","0"
"CO","05909","WEST METRO FIRE RESCUE","2017","Other","34905","250","88","4","113","66","41","0","0","34343"
"CO","05909","WEST METRO FIRE RESCUE","2018","Battery","5","5","0","0","0","0","0","0","0","0"
"CO","05909","WEST METRO FIRE RESCUE","2018","Other","34838","242","99","7","93","140","54","1","0","34202"
"CO","05909","WEST METRO FIRE RESCUE","2019","Battery","1","0","1","0","0","0","0","0","0","0"
"CO","05909","WEST METRO FIRE RESCUE","2019","Other","35992","156","91","1","58","136","14","0","4","35532"
"CO","05909","WEST METRO FIRE RESCUE","2020","Battery","3","2","0","0","0","0","1","0","0","0"
"CO","05909","WEST METRO FIRE RESCUE","2020","Other","35178","160","63","2","103","208","28","0","14","34600"
"CO","05909","WEST METRO FIRE RESCUE","2021","Other","32991","128","80","3","80","215","18","1","9","32457"
"CO","05909","WEST METRO FIRE RESCUE","2022","Other","41196","143","91","4","88","240","18","1","15","40596"
"CO","05909","WEST METRO FIRE RESCUE","2023","Battery","2","1","1","0","0","0","0","0","0","0"
"CO","05909","WEST METRO FIRE RESCUE","2023","Other","41113","141","97","3","56","178","17","2","9","40610"
"FL","04112","ST PETERSBURG FIRE RESCUE","2002","Other","41501","399","285","6","184","99","6","184","8","40330"
"FL","04112","ST PETERSBURG FIRE RESCUE","2003","Other","41796","361","259","6","154","114","7","151","9","40735"
"FL","04112","ST PETERSBURG FIRE RESCUE","2004","Other","2477","399","263","6","175","99","8","196","5","1326"
"FL","04112","ST PETERSBURG FIRE RESCUE","2005","Other","2184","534","260","5","107","201","39","1","118","919"
"FL","04112","ST PETERSBURG FIRE RESCUE","2006","Other","2153","514","201","0","138","197","35","1","172","895"
"FL","04112","ST PETERSBURG FIRE RESCUE","2007","Battery","1","0","1","0","0","0","0","0","0","0"
"FL","04112","ST PETERSBURG FIRE RESCUE","2007","Other","2089","461","230","7","132","162","43","0","194","860"
"FL","04112","ST PETERSBURG FIRE RESCUE","2008","Battery","2","1","1","0","0","0","0","0","0","0"
"FL","04112","ST PETERSBURG FIRE RESCUE","2008","Other","1981","455","183","2","118","136","33","4","173","877"
"FL","04112","ST PETERSBURG FIRE RESCUE","2009","Battery","1","0","1","0","0","0","0","0","0","0"
"FL","04112","ST PETERSBURG FIRE RESCUE","2009","Other","1909","437","168","3","121","157","40","1","150","832"
"FL","04112","ST PETERSBURG FIRE RESCUE","2010","Other","2090","429","182","2","136","172","48","0","97","1024"
"FL","04112","ST PETERSBURG FIRE RESCUE","2011","Battery","1","0","0","0","0","0","0","0","1","0"
"FL","04112","ST PETERSBURG FIRE RESCUE","2011","Other","1844","425","147","5","120","127","30","0","78","912"
"FL","04112","ST PETERSBURG FIRE RESCUE","2012","Battery","2","1","0","0","0","1","0","0","0","0"
"FL","04112","ST PETERSBURG FIRE RESCUE","2012","Other","1948","459","131","3","140","164","33","1","82","935"
"FL","04112","ST PETERSBURG FIRE RESCUE","2013","Other","1616","317","136","6","137","132","28","0","48","812"
"FL","04112","ST PETERSBURG FIRE RESCUE","2014","Other","1683","334","118","7","157","177","10","0","31","849"
"FL","04112","ST PETERSBURG FIRE RESCUE","2015","Battery","1","1","0","0","0","0","0","0","0","0"
"FL","04112","ST PETERSBURG FIRE RESCUE","2015","Other","1806","379","166","3","134","132","30","0","24","938"
"FL","04112","ST PETERSBURG FIRE RESCUE","2016","Other","1986","321","178","9","149","167","31","0","24","1107"
"FL","04112","ST PETERSBURG FIRE RESCUE","2017","Battery","3","1","0","0","0","0","1","0","1","0"
"FL","04112","ST PETERSBURG FIRE RESCUE","2017","Other","63587","310","151","8","206","189","32","0","24","62667"
"FL","04112","ST PETERSBURG FIRE RESCUE","2018","Other","61954","280","140","8","112","142","17","0","20","61235"
"FL","04112","ST PETERSBURG FIRE RESCUE","2019","Battery","1","0","0","0","0","0","1","0","0","0"
"FL","04112","ST PETERSBURG FIRE RESCUE","2019","Other","62397","246","146","3","110","113","17","0","14","61748"
"FL","04112","ST PETERSBURG FIRE RESCUE","2020","Other","58834","254","122","1","123","97","17","0","16","58204"
"FL","04112","ST PETERSBURG FIRE RESCUE","2021","Battery","1","0","0","0","0","0","0","0","1","0"
"FL","04112","ST PETERSBURG FIRE RESCUE","2021","Other","62350","207","127","1","134","98","18","0","12","61753"
"FL","04112","ST PETERSBURG FIRE RESCUE","2022","Battery","1","0","0","0","0","0","0","0","1","0"
"FL","04112","ST PETERSBURG FIRE RESCUE","2022","Other","63991","212","117","1","157","87","24","1","12","63380"
"FL","04112","ST PETERSBURG FIRE RESCUE","2023","Battery","1","0","0","0","0","0","0","0","1","0"
"FL","04112","ST PETERSBURG FIRE RESCUE","2023","Other","55012","178","76","3","108","97","9","0","13","54528"
"FL","06301","PALM BEACH CO FIRE RESCUE","2003","Other","87713","270","294","7","330","158","20","42","22","86570"
"FL","06301","PALM BEACH CO FIRE RESCUE","2004","Other","4017","475","468","9","756","288","23","86","26","1886"
"FL","06301","PALM BEACH CO FIRE RESCUE","2005","Other","3698","411","400","13","620","306","42","51","44","1811"
"FL","06301","PALM BEACH CO FIRE RESCUE","2006","Other","3210","393","418","8","595","338","29","52","24","1353"
"FL","06301","PALM BEACH CO FIRE RESCUE","2007","Other","2885","369","329","10","513","326","19","49","19","1251"
"FL","06301","PALM BEACH CO FIRE RESCUE","2008","Battery","1","1","0","0","0","0","0","0","0","0"
"FL","06301","PALM BEACH CO FIRE RESCUE","2008","Other","2617","366","299","10","500","235","35","27","12","1133"
"FL","06301","PALM BEACH CO FIRE RESCUE","2009","Other","2539","475","293","2","468","153","27","0","5","1116"
"FL","06301","PALM BEACH CO FIRE RESCUE","2010","Other","2019","190","119","0","334","177","11","0","2","1186"
"FL","06301","PALM BEACH CO FIRE RESCUE","2011","Other","2840","504","353","2","602","319","50","0","1","1009"
"FL","06301","PALM BEACH CO FIRE RESCUE","2012","Other","2710","495","355","0","494","191","62","0","0","1113"
"FL","06301","PALM BEACH CO FIRE RESCUE","2013","Other","2884","570","287","17","416","146","53","6","57","1332"
"FL","06301","PALM BEACH CO FIRE RESCUE","2014","Battery","2","1","0","0","0","0","1","0","0","0"
"FL","06301","PALM BEACH CO FIRE RESCUE","2014","Other","3089","585","312","25","347","191","43","9","67","1510"
"FL","06301","PALM BEACH CO FIRE RESCUE","2015","Battery","1","0","1","0","0","0","0","0","0","0"
"FL","06301","PALM BEACH CO FIRE RESCUE","2015","Other","2934","507","295","18","424","169","49","5","48","1419"
"FL","06301","PALM BEACH CO FIRE RESCUE","2016","Battery","1","0","0","0","0","0","0","0","1","0"
"FL","06301","PALM BEACH CO FIRE RESCUE","2016","Other","3132","518","346","17","418","166","50","10","63","1544"
"FL","06301","PALM BEACH CO FIRE RESCUE","2017","Battery","2","2","0","0","0","0","0","0","0","0"
"FL","06301","PALM BEACH CO FIRE RESCUE","2017","Other","136664","481","230","17","407","185","45","8","52","135239"
"FL","06301","PALM BEACH CO FIRE RESCUE","2018","Battery","1","0","1","0","0","0","0","0","0","0"
"FL","06301","PALM BEACH CO FIRE RESCUE","2018","Other","122163","452","323","22","354","160","43","6","66","120737"
"FL","06301","PALM BEACH CO FIRE RESCUE","2019","Other","114224","369","202","11","196","138","32","6","46","113224"
"FL","06301","PALM BEACH CO FIRE RESCUE","2020","Battery","1","1","0","0","0","0","0","0","0","0"
"FL","06301","PALM BEACH CO FIRE RESCUE","2020","Other","118205","357","191","6","227","156","26","8","36","117198"
"FL","06301","PALM BEACH CO FIRE RESCUE","2021","Battery","2","1","1","0","0","0","0","0","0","0"
"FL","06301","PALM BEACH CO FIRE RESCUE","2021","Other","121073","277","106","10","7","158","23","0","29","120463"
"FL","06301","PALM BEACH CO FIRE RESCUE","2022","Battery","1","0","0","0","0","0","0","0","1","0"
"FL","06301","PALM BEACH CO FIRE RESCUE","2022","Other","138833","363","189","20","18","209","35","3","51","137945"
"FL","06301","PALM BEACH CO FIRE RESCUE","2023","Other","151857","406","203","14","11","160","36","2","66","150959"
"GA","03301","Cobb Co Fire Dept","2002","Other","35386","333","242","11","432","63","5","37","58","34205"
"GA","03301","Cobb Co Fire Dept","2003","Other","39680","376","271","20","308","61","9","29","71","38535"
"GA","03301","Cobb Co Fire Dept","2004","Other","3526","374","228","16","405","70","6","36","68","2323"
"GA","03301","Cobb Co Fire Dept","2005","Other","3131","371","250","7","320","57","5","29","75","2017"
"GA","03301","Cobb Co Fire Dept","2006","Other","4431","635","380","18","713","310","48","3","78","2246"
"GA","03301","Cobb Co Fire Dept","2007","Other","5029","607","334","17","782","285","68","4","0","2932"
"GA","03301","Cobb Co Fire Dept","2008","Other","4424","562","307","13","532","116","49","2","0","2843"
"GA","03301","Cobb Co Fire Dept","2009","Other","3164","320","246","4","168","79","23","0","0","2324"
"GA","03301","Cobb Co Fire Dept","2010","Other","3407","447","247","8","337","70","21","0","0","2277"
"GA","03301","Cobb Co Fire Dept","2011","Other","4209","531","268","10","527","104","26","0","0","2743"
"GA","03301","Cobb Co Fire Dept","2012","Other","3794","500","253","8","490","114","39","1","0","2389"
"GA","03301","Cobb Co Fire Dept","2013","Battery","1","1","0","0","0","0","0","0","0","0"
"GA","03301","Cobb Co Fire Dept","2013","Other","3515","431","226","10","252","71","36","0","0","2489"
"GA","03301","Cobb Co Fire Dept","2014","Other","3802","506","249","12","378","100","33","1","0","2523"
"GA","03301","Cobb Co Fire Dept","2015","Battery","1","1","0","0","0","0","0","0","0","0"
"GA","03301","Cobb Co Fire Dept","2015","Other","3401","456","233","5","220","73","30","1","0","2383"
"GA","03301","Cobb Co Fire Dept","2016","Other","4526","548","256","15","485","132","30","1","0","3059"
"GA","03301","Cobb Co Fire Dept","2017","Battery","1","1","0","0","0","0","0","0","0","0"
"GA","03301","Cobb Co Fire Dept","2017","Other","61657","449","258","13","273","75","35","0","0","60554"
"GA","03301","Cobb Co Fire Dept","2018","Other","62045","422","246","5","86","79","15","0","26","61166"
"GA","03301","Cobb Co Fire Dept","2019","Battery","2","1","1","0","0","0","0","0","0","0"
"GA","03301","Cobb Co Fire Dept","2019","Other","52571","357","175","16","211","89","17","1","2","51703"
"GA","03301","Cobb Co Fire Dept","2020","Battery","3","1","2","0","0","0","0","0","0","0"
"GA","03301","Cobb Co Fire Dept","2020","Other","58788","388","212","2","140","106","24","0","0","57916"
"GA","03301","Cobb Co Fire Dept","2021","Other","4984","36","19","0","9","21","5","0","0","4894"
"GA","03301","Cobb Co Fire Dept","2022","Battery","1","0","1","0","0","0","0","0","0","0"
"GA","03301","Cobb Co Fire Dept","2022","Other","63126","424","247","13","281","159","35","0","0","61967"
"GA","03301","Cobb Co Fire Dept","2023","Other","62256","347","194","6","300","100","36","2","0","61271"
"HI","52000","Honolulu Fire Department","2003","Other","2929","53","57","0","348","137","7","0","0","2327"
"HI","52000","Honolulu Fire Department","2004","Other","4729","535","714","3","535","756","48","0","2","2136"
"HI","52000","Honolulu Fire Department","2005","Other","5300","548","716","4","923","930","62","2","2","2113"
"HI","52000","Honolulu Fire Department","2006","Other","5411","799","752","5","604","946","55","12","8","2230"
"HI","52000","Honolulu Fire Department","2007","Battery","1","0","0","0","0","0","1","0","0","0"
"HI","52000","Honolulu Fire Department","2007","Other","4886","738","491","4","661","842","52","17","9","2072"
"HI","52000","Honolulu Fire Department","2008","Battery","1","1","0","0","0","0","0","0","0","0"
"HI","52000","Honolulu Fire Department","2008","Other","4306","589","387","4","399","877","48","17","2","1983"
"HI","52000","Honolulu Fire Department","2009","Battery","1","0","1","0","0","0","0","0","0","0"
"HI","52000","Honolulu Fire Department","2009","Other","4181","513","345","1","518","846","45","13","5","1895"
"HI","52000","Honolulu Fire Department","2010","Battery","1","1","0","0","0","0","0","0","0","0"
"HI","52000","Honolulu Fire Department","2010","Other","4178","545","335","3","528","798","56","18","6","1889"
"HI","52000","Honolulu Fire Department","2011","Battery","1","0","0","0","0","0","1","0","0","0"
"HI","52000","Honolulu Fire Department","2011","Other","4145","601","297","5","331","784","53","6","1","2067"
"HI","52000","Honolulu Fire Department","2012","Other","4032","538","305","6","409","671","37","20","8","2038"
"HI","52000","Honolulu Fire Department","2013","Battery","1","0","1","0","0","0","0","0","0","0"
"HI","52000","Honolulu Fire Department","2013","Other","3827","547","324","4","307","492","31","18","3","2101"
"HI","52000","Honolulu Fire Department","2014","Battery","3","2","1","0","0","0","0","0","0","0"
"HI","52000","Honolulu Fire Department","2014","Other","3536","527","285","0","241","505","38","15","6","1919"
"HI","52000","Honolulu Fire Department","2015","Battery","4","2","2","0","0","0","0","0","0","0"
"HI","52000","Honolulu Fire Department","2015","Other","3546","504","305","3","240","581","44","10","1","1858"
"HI","52000","Honolulu Fire Department","2016","Battery","2","1","1","0","0","0","0","0","0","0"
"HI","52000","Honolulu Fire Department","2016","Other","3822","539","365","3","372","616","48","28","0","1851"
"HI","52000","Honolulu Fire Department","2017","Battery","2","1","1","0","0","0","0","0","0","0"
"HI","52000","Honolulu Fire Department","2017","Other","52471","532","402","5","395","693","37","15","3","50389"
"HI","52000","Honolulu Fire Department","2018","Battery","3","2","0","0","0","0","1","0","0","0"
"HI","52000","Honolulu Fire Department","2018","Other","55817","526","394","3","363","720","34","11","1","53765"
"HI","52000","Honolulu Fire Department","2019","Battery","1","0","1","0","0","0","0","0","0","0"
"HI","52000","Honolulu Fire Department","2019","Other","57799","534","392","3","515","863","34","11","1","55446"
"HI","52000","Honolulu Fire Department","2020","Battery","4","1","1","0","0","0","2","0","0","0"
"HI","52000","Honolulu Fire Department","2020","Other","51949","424","374","5","554","1057","33","10","1","49491"
"HI","52000","Honolulu Fire Department","2021","Battery","2","1","0","0","0","0","1","0","0","0"
"HI","52000","Honolulu Fire Department","2021","Other","57365","478","368","4","437","1151","35","12","3","54877"
"HI","52000","Honolulu Fire Department","2022","Battery","5","2","2","1","0","0","0","0","0","0"
"HI","52000","Honolulu Fire Department","2022","Other","51833","410","216","3","519","1114","28","8","2","49533"
"HI","52000","Honolulu Fire Department","2023","Battery","9","6","0","0","0","0","3","0","0","0"
"HI","52000","Honolulu Fire Department","2023","Other","59384","523","281","10","474","1140","26","13","0","56917"
"IL","CS931","CHICAGO FD","2002","Other","15841","3297","4871","1","996","6248","97","4","327","0"
"IL","CS931","CHICAGO FD","2003","Other","17318","3864","5364","2","858","6692","93","4","441","0"
"IL","CS931","CHICAGO FD","2004","Other","3106","840","1065","0","82","990","17","1","111","0"
"IL","CS931","CHICAGO FD","2007","Other","2736","2648","51","0","0","33","0","1","3","0"
"IL","CS931","CHICAGO FD","2008","Other","2941","2809","71","2","2","50","1","0","6","0"
"IL","CS931","CHICAGO FD","2009","Other","23516","6865","2746","16","136","2351","70","2","910","10420"
"IL","CS931","CHICAGO FD","2010","Other","27083","8089","2697","8","361","2925","89","5","1152","11757"
"IL","CS931","CHICAGO FD","2011","Other","25622","7169","2470","19","161","2249","82","3","1109","12360"
"IL","CS931","CHICAGO FD","2012","Battery","3","1","0","0","0","0","0","0","2","0"
"IL","CS931","CHICAGO FD","2012","Other","24235","6862","1946","6","455","2751","99","2","1185","10929"
"IL","CS931","CHICAGO FD","2013","Battery","3","1","0","1","0","0","0","0","1","0"
"IL","CS931","CHICAGO FD","2013","Other","23578","6562","1892","11","178","2031","65","9","952","11878"
"IL","CS931","CHICAGO FD","2014","Battery","3","0","0","0","0","0","1","0","2","0"
"IL","CS931","CHICAGO FD","2014","Other","23072","6063","2065","11","153","1757","65","1","857","12100"
"IL","CS931","CHICAGO FD","2015","Battery","1","1","0","0","0","0","0","0","0","0"
"IL","CS931","CHICAGO FD","2015","Other","22262","5937","2072","10","162","1806","89","1","907","11278"
"IL","CS931","CHICAGO FD","2016","Battery","3","1","0","0","0","0","0","0","2","0"
"IL","CS931","CHICAGO FD","2016","Other","22461","5930","2118","11","208","1913","82","1","925","11273"
"IL","CS931","CHICAGO FD","2017","Other","295173","5945","1850","13","289","1961","56","1","995","284063"
"IL","CS931","CHICAGO FD","2018","Battery","1","1","0","0","0","0","0","0","0","0"
"IL","CS931","CHICAGO FD","2018","Other","298052","5499","1880","7","189","1988","86","0","929","287474"
"IL","CS931","CHICAGO FD","2019","Battery","4","1","0","0","0","0","0","0","3","0"
"IL","CS931","CHICAGO FD","2019","Other","301745","4950","1823","5","156","1681","88","2","1241","291799"
"IL","CS931","CHICAGO FD","2020","Battery","1","0","0","0","0","0","0","0","1","0"
"IL","CS931","CHICAGO FD","2020","Other","318865","5725","2185","12","252","2310","97","3","1160","307121"
"IL","CS931","CHICAGO FD","2021","Battery","3","1","0","0","0","0","1","0","1","0"
"IL","CS931","CHICAGO FD","2021","Other","326862","5476","2060","23","254","2082","84","3","1049","315831"
"IL","CS931","CHICAGO FD","2022","Battery","2","1","0","0","0","0","0","0","1","0"
"IL","CS931","CHICAGO FD","2022","Other","341796","5274","1869","42","164","1917","76","1","1153","331300"
"IL","CS931","CHICAGO FD","2023","Battery","1","1","0","0","0","0","0","0","0","0"
"IL","CS931","CHICAGO FD","2023","Other","348705","6344","1821","40","441","2393","135","2","85","337444"
"KY","34155","LEXINGTON","2004","Battery","1","0","1","0","0","0","0","0","0","0"
"KY","34155","LEXINGTON","2004","Other","2349","570","230","8","153","144","29","4","74","1137"
"KY","34155","LEXINGTON","2005","Other","2239","473","212","5","257","140","33","7","53","1059"
"KY","34155","LEXINGTON","2006","Other","2250","487","229","6","225","161","41","7","65","1029"
"KY","34155","LEXINGTON","2007","Other","2636","585","211","2","337","221","45","8","65","1162"
"KY","34155","LEXINGTON","2008","Other","2392","487","193","2","255","196","50","7","45","1157"
"KY","34155","LEXINGTON","2009","Other","2300","476","164","3","160","154","38","2","38","1265"
"KY","34155","LEXINGTON","2010","Battery","1","1","0","0","0","0","0","0","0","0"
"KY","34155","LEXINGTON","2010","Other","2532","478","210","8","352","189","41","8","49","1197"
"KY","34155","LEXINGTON","2011","Battery","2","1","1","0","0","0","0","0","0","0"
"KY","34155","LEXINGTON","2011","Other","2317","462","202","7","161","196","42","1","49","1197"
"KY","34155","LEXINGTON","2012","Other","2639","520","173","4","548","210","77","2","12","1093"
"KY","34155","LEXINGTON","2013","Other","2683","505","140","6","252","183","36","3","2","1556"
"KY","34155","LEXINGTON","2014","Battery","1","1","0","0","0","0","0","0","0","0"
"KY","34155","LEXINGTON","2014","Other","3011","529","169","8","342","185","23","1","0","1754"
"KY","34155","LEXINGTON","2015","Battery","1","0","1","0","0","0","0","0","0","0"
"KY","34155","LEXINGTON","2015","Other","3155","529","177","10","322","168","29","2","0","1918"
"KY","34155","LEXINGTON","2016","Battery","1","0","1","0","0","0","0","0","0","0"
"KY","34155","LEXINGTON","2016","Other","3363","559","191","6","399","182","27","2","1","1996"
"KY","34155","LEXINGTON","2017","Battery","2","0","2","0","0","0","0","0","0","0"
"KY","34155","LEXINGTON","2017","Other","9384","496","134","2","283","141","24","0","0","8304"
"KY","34155","LEXINGTON","2018","Other","10398","453","148","3","228","140","18","0","4","9404"
"KY","34155","LEXINGTON","2019","Battery","1","1","0","0","0","0","0","0","0","0"
"KY","34155","LEXINGTON","2019","Other","11792","498","164","2","391","157","22","0","0","10558"
"KY","34155","LEXINGTON","2020","Battery","1","0","1","0","0","0","0","0","0","0"
"KY","34155","LEXINGTON","2020","Other","10978","375","102","1","126","228","34","1","0","10111"
"KY","34155","LEXINGTON","2021","Battery","1","0","1","0","0","0","0","0","0","0"
"KY","34155","LEXINGTON","2021","Other","12452","353","143","4","74","251","138","3","1","11485"
"KY","34155","LEXINGTON","2022","Battery","2","1","1","0","0","0","0","0","0","0"
"KY","34155","LEXINGTON","2022","Other","16053","369","163","7","173","335","244","2","1","14759"
"KY","34155","LEXINGTON","2023","Battery","2","1","0","0","0","1","0","0","0","0"
"KY","34155","LEXINGTON","2023","Other","15465","350","138","2","196","306","202","1","2","14268"
"NJ","09013","NORTH HUDSON REGIONAL FIRE RES","2002","Other","3336","164","58","0","37","67","2","2","6","3000"
"NJ","09013","NORTH HUDSON REGIONAL FIRE RES","2003","Other","1","0","0","0","0","0","0","0","0","1"
"NJ","09013","NORTH HUDSON REGIONAL FIRE RES","2004","Other","2142","548","109","1","33","104","10","0","52","1285"
"NJ","09013","NORTH HUDSON REGIONAL FIRE RES","2005","Other","234","79","13","0","1","10","2","0","3","126"
"NJ","09013","NORTH HUDSON REGIONAL FIRE RES","2006","Battery","1","0","1","0","0","0","0","0","0","0"
"NJ","09013","NORTH HUDSON REGIONAL FIRE RES","2006","Other","1480","381","40","2","33","108","6","0","15","895"
"NJ","09013","NORTH HUDSON REGIONAL FIRE RES","2007","Other","1920","561","55","1","28","122","4","1","9","1139"
"NJ","09013","NORTH HUDSON REGIONAL FIRE RES","2008","Other","2023","615","61","0","30","85","1","0","6","1225"
"NJ","09013","NORTH HUDSON REGIONAL FIRE RES","2009","Other","1628","477","53","0","19","71","4","0","6","998"
"NJ","09013","NORTH HUDSON REGIONAL FIRE RES","2010","Other","2033","506","50","0","26","95","6","0","5","1345"
"NJ","09013","NORTH HUDSON REGIONAL FIRE RES","2011","Other","841","248","33","0","12","43","2","0","6","497"
"NJ","09013","NORTH HUDSON REGIONAL FIRE RES","2013","Battery","1","0","1","0","0","0","0","0","0","0"
"NJ","09013","NORTH HUDSON REGIONAL FIRE RES","2013","Other","1632","430","48","0","24","50","7","0","14","1059"
"NJ","09013","NORTH HUDSON REGIONAL FIRE RES","2014","Battery","1","0","1","0","0","0","0","0","0","0"
"NJ","09013","NORTH HUDSON REGIONAL FIRE RES","2014","Other","1825","424","59","1","25","51","9","0","18","1238"
"NJ","09013","NORTH HUDSON REGIONAL FIRE RES","2015","Battery","1","0","1","0","0","0","0","0","0","0"
"NJ","09013","NORTH HUDSON REGIONAL FIRE RES","2015","Other","2096","450","54","1","51","49","1","0","10","1480"
"NJ","09013","NORTH HUDSON REGIONAL FIRE RES","2016","Other","2305","471","46","1","54","58","9","1","8","1657"
"NJ","09013","NORTH HUDSON REGIONAL FIRE RES","2017","Battery","1","0","1","0","0","0","0","0","0","0"
"NJ","09013","NORTH HUDSON REGIONAL FIRE RES","2017","Other","7793","431","46","0","29","44","8","0","2","7233"
"NJ","09013","NORTH HUDSON REGIONAL FIRE RES","2018","Battery","1","0","1","0","0","0","0","0","0","0"
"NJ","09013","NORTH HUDSON REGIONAL FIRE RES","2018","Other","7232","336","36","0","30","34","6","0","6","6784"
"NJ","09013","NORTH HUDSON REGIONAL FIRE RES","2019","Other","1230","79","3","0","1","4","1","0","3","1139"
"NJ","09013","NORTH HUDSON REGIONAL FIRE RES","2020","Other","5886","359","14","0","15","59","2","0","7","5430"
"NJ","09013","NORTH HUDSON REGIONAL FIRE RES","2021","Battery","1","0","1","0","0","0","0","0","0","0"
"NJ","09013","NORTH HUDSON REGIONAL FIRE RES","2021","Other","3682","226","7","0","4","21","1","0","4","3419"
"NJ","09013","NORTH HUDSON REGIONAL FIRE RES","2022","Battery","1","1","0","0","0","0","0","0","0","0"
"NJ","09013","NORTH HUDSON REGIONAL FIRE RES","2022","Other","5082","253","19","0","10","30","4","0","4","4762"
"NJ","09013","NORTH HUDSON REGIONAL FIRE RES","2023","Other","2021","113","10","0","8","11","0","1","0","1878"
"NV","03050","CLARK COUNTY FIRE DEPARTMENT","2002","Other","263","11","11","0","142","31","7","6","1","54"
"NV","03050","CLARK COUNTY FIRE DEPARTMENT","2004","Other","4803","979","859","69","405","1135","101","72","29","1154"
"NV","03050","CLARK COUNTY FIRE DEPARTMENT","2005","Battery","1","0","1","0","0","0","0","0","0","0"
"NV","03050","CLARK COUNTY FIRE DEPARTMENT","2005","Other","5365","983","899","75","583","1318","75","57","177","1198"
"NV","03050","CLARK COUNTY FIRE DEPARTMENT","2006","Other","5090","866","866","89","521","1391","80","35","106","1136"
"NV","03050","CLARK COUNTY FIRE DEPARTMENT","2007","Other","3837","779","615","48","280","946","69","41","157","902"
"NV","03050","CLARK COUNTY FIRE DEPARTMENT","2008","Other","4729","991","734","73","312","1258","98","27","60","1176"
"NV","03050","CLARK COUNTY FIRE DEPARTMENT","2009","Other","3691","662","545","52","305","1097","89","17","62","862"
"NV","03050","CLARK COUNTY FIRE DEPARTMENT","2010","Battery","1","0","1","0","0","0","0","0","0","0"
"NV","03050","CLARK COUNTY FIRE DEPARTMENT","2010","Other","3686","896","526","43","251","893","79","18","110","870"
"NV","03050","CLARK COUNTY FIRE DEPARTMENT","2011","Other","3968","1020","545","26","263","1030","81","18","103","882"
"NV","03050","CLARK COUNTY FIRE DEPARTMENT","2012","Other","3717","803","552","35","134","1000","57","21","45","1070"
"NV","03050","CLARK COUNTY FIRE DEPARTMENT","2013","Battery","1","0","1","0","0","0","0","0","0","0"
"NV","03050","CLARK COUNTY FIRE DEPARTMENT","2013","Other","3662","822","476","24","165","972","55","21","88","1039"
"NV","03050","CLARK COUNTY FIRE DEPARTMENT","2014","Other","4251","1073","499","17","268","1057","69","33","158","1077"
"NV","03050","CLARK COUNTY FIRE DEPARTMENT","2015","Battery","2","1","1","0","0","0","0","0","0","0"
"NV","03050","CLARK COUNTY FIRE DEPARTMENT","2015","Other","4137","1042","495","31","243","1012","92","17","159","1046"
"NV","03050","CLARK COUNTY FIRE DEPARTMENT","2016","Battery","2","0","1","0","0","0","0","0","1","0"
"NV","03050","CLARK COUNTY FIRE DEPARTMENT","2016","Other","4525","1111","551","13","291","1080","97","31","411","940"
"NV","03050","CLARK COUNTY FIRE DEPARTMENT","2017","Other","109227","1285","522","16","391","1311","82","5","344","105271"
"NV","03050","CLARK COUNTY FIRE DEPARTMENT","2018","Battery","4","3","0","1","0","0","0","0","0","0"
"NV","03050","CLARK COUNTY FIRE DEPARTMENT","2018","Other","132335","1402","518","27","325","1564","155","6","192","128146"
"NV","03050","CLARK COUNTY FIRE DEPARTMENT","2019","Battery","3","0","1","0","0","0","0","0","2","0"
"NV","03050","CLARK COUNTY FIRE DEPARTMENT","2019","Other","70371","820","275","13","164","889","76","3","93","68038"
"NV","03050","CLARK COUNTY FIRE DEPARTMENT","2020","Battery","2","2","0","0","0","0","0","0","0","0"
"NV","03050","CLARK COUNTY FIRE DEPARTMENT","2020","Other","125194","1548","456","35","279","1840","119","3","170","120744"
"NV","03050","CLARK COUNTY FIRE DEPARTMENT","2021","Battery","1","0","0","0","0","0","0","0","1","0"
"NV","03050","CLARK COUNTY FIRE DEPARTMENT","2021","Other","70892","776","253","15","110","992","64","1","105","68576"
"NV","03050","CLARK COUNTY FIRE DEPARTMENT","2022","Battery","2","1","0","0","0","0","0","0","1","0"
"NV","03050","CLARK COUNTY FIRE DEPARTMENT","2022","Other","153953","1682","501","46","137","2542","164","0","175","148706"
"NV","03050","CLARK COUNTY FIRE DEPARTMENT","2023","Battery","4","0","0","0","0","0","1","0","3","0"
"NV","03050","CLARK COUNTY FIRE DEPARTMENT","2023","Other","145050","1573","567","30","174","2834","168","1","132","139571"
"NY","24001","FIRE DEPARTMENT OF NEW YORK","2003","Battery","2","0","2","0","0","0","0","0","0","0"
"NY","24001","FIRE DEPARTMENT OF NEW YORK","2003","Other","638229","26865","6137","25","75","9782","701","0","945","593699"
"NY","24001","FIRE DEPARTMENT OF NEW YORK","2004","Battery","2","0","2","0","0","0","0","0","0","0"
"NY","24001","FIRE DEPARTMENT OF NEW YORK","2004","Other","79191","28055","5310","25","84","9893","496","0","743","34585"
"NY","24001","FIRE DEPARTMENT OF NEW YORK","2005","Other","79741","27053","4490","26","122","9195","440","0","651","37764"
"NY","24001","FIRE DEPARTMENT OF NEW YORK","2006","Other","86545","27820","4361","17","132","9505","383","1","619","43707"
"NY","24001","FIRE DEPARTMENT OF NEW YORK","2007","Other","65070","21390","561","5","19","7601","24","0","1501","33969"
"NY","24001","FIRE DEPARTMENT OF NEW YORK","2008","Battery","2","1","1","0","0","0","0","0","0","0"
"NY","24001","FIRE DEPARTMENT OF NEW YORK","2008","Other","75241","27394","3452","7","1214","7495","127","0","1815","33737"
"NY","24001","FIRE DEPARTMENT OF NEW YORK","2009","Battery","1","0","1","0","0","0","0","0","0","0"
"NY","24001","FIRE DEPARTMENT OF NEW YORK","2009","Other","70014","25720","2956","9","835","6408","143","2","1690","32251"
"NY","24001","FIRE DEPARTMENT OF NEW YORK","2010","Battery","2","2","0","0","0","0","0","0","0","0"
"NY","24001","FIRE DEPARTMENT OF NEW YORK","2010","Other","79786","26186","3067","13","1495","7288","142","3","1552","40040"
"NY","24001","FIRE DEPARTMENT OF NEW YORK","2011","Battery","1","1","0","0","0","0","0","0","0","0"
"NY","24001","FIRE DEPARTMENT OF NEW YORK","2011","Other","65333","22754","2513","7","775","5192","133","2","1253","32704"
"NY","24001","FIRE DEPARTMENT OF NEW YORK","2012","Battery","4","1","0","0","0","0","0","0","3","0"
"NY","24001","FIRE DEPARTMENT OF NEW YORK","2012","Other","67317","22243","2167","11","934","5728","109","3","1384","34738"
"NY","24001","FIRE DEPARTMENT OF NEW YORK","2013","Battery","1","0","0","0","0","0","0","0","1","0"
"NY","24001","FIRE DEPARTMENT OF NEW YORK","2013","Other","66179","25045","2270","14","959","5789","121","1","1804","30176"
"NY","24001","FIRE DEPARTMENT OF NEW YORK","2014","Battery","5","2","0","0","0","0","0","0","3","0"
"NY","24001","FIRE DEPARTMENT OF NEW YORK","2014","Other","75787","26234","2222","4","842","5558","118","2","1859","38948"
"NY","24001","FIRE DEPARTMENT OF NEW YORK","2015","Battery","3","2","0","0","0","0","0","0","1","0"
"NY","24001","FIRE DEPARTMENT OF NEW YORK","2015","Other","79692","26075","2082","5","991","6029","116","0","1661","42733"
"NY","24001","FIRE DEPARTMENT OF NEW YORK","2016","Battery","7","1","0","0","0","0","0","0","6","0"
"NY","24001","FIRE DEPARTMENT OF NEW YORK","2016","Other","78319","24981","1921","6","1054","6228","108","1","1470","42550"
"NY","24001","FIRE DEPARTMENT OF NEW YORK","2017","Battery","9","2","0","0","0","0","0","0","7","0"
"NY","24001","FIRE DEPARTMENT OF NEW YORK","2017","Other","590080","25342","1910","7","745","5528","109","1","1415","555023"
"NY","24001","FIRE DEPARTMENT OF NEW YORK","2018","Battery","8","5","0","0","0","0","0","0","3","0"
"NY","24001","FIRE DEPARTMENT OF NEW YORK","2018","Other","602677","24359","1880","3","515","4553","88","1","1476","569802"
"NY","24001","FIRE DEPARTMENT OF NEW YORK","2019","Battery","8","3","0","0","0","0","1","0","4","0"
"NY","24001","FIRE DEPARTMENT OF NEW YORK","2019","Other","621375","24510","1827","7","500","4981","92","2","1311","588145"
"NY","24001","FIRE DEPARTMENT OF NEW YORK","2020","Battery","14","8","0","0","0","2","0","0","4","0"
"NY","24001","FIRE DEPARTMENT OF NEW YORK","2020","Other","554618","22559","1730","6","37","6545","28","0","840","522873"
"NY","24001","FIRE DEPARTMENT OF NEW YORK","2021","Battery","21","13","0","0","0","0","1","0","7","0"
"NY","24001","FIRE DEPARTMENT OF NEW YORK","2021","Other","454602","16595","1257","2","81","4248","28","0","685","431706"
"NY","24001","FIRE DEPARTMENT OF NEW YORK","2022","Battery","63","42","0","0","0","1","4","0","16","0"
"NY","24001","FIRE DEPARTMENT OF NEW YORK","2022","Other","638537","22544","1609","4","52","6379","32","0","962","606955"
"NY","24001","FIRE DEPARTMENT OF NEW YORK","2023","Battery","106","59","0","0","0","1","8","0","38","0"
"NY","24001","FIRE DEPARTMENT OF NEW YORK","2023","Other","640234","21610","1486","3","70","6084","18","0","908","610055"
"VA","04100","Chesterfield Fire EMS","2002","Other","25759","372","248","18","478","144","0","35","1","24463"
"VA","04100","Chesterfield Fire EMS","2003","Other","28034","298","265","14","165","63","0","40","0","27189"
"VA","04100","Chesterfield Fire EMS","2004","Other","2484","352","224","8","222","153","11","31","15","1468"
"VA","04100","Chesterfield Fire EMS","2005","Other","2202","365","218","10","309","132","53","2","70","1043"
"VA","04100","Chesterfield Fire EMS","2006","Other","2571","427","238","10","347","129","66","2","40","1312"
"VA","04100","Chesterfield Fire EMS","2007","Other","2895","473","230","6","515","105","67","4","28","1467"
"VA","04100","Chesterfield Fire EMS","2008","Other","2624","412","218","2","444","87","55","1","7","1398"
"VA","04100","Chesterfield Fire EMS","2009","Other","2071","399","195","8","263","75","48","3","1","1079"
"VA","04100","Chesterfield Fire EMS","2010","Other","2305","469","196","15","377","81","52","2","7","1106"
"VA","04100","Chesterfield Fire EMS","2011","Other","2691","453","203","7","370","52","63","1","6","1536"
"VA","04100","Chesterfield Fire EMS","2012","Other","2413","430","190","8","389","79","59","1","1","1256"
"VA","04100","Chesterfield Fire EMS","2013","Battery","1","1","0","0","0","0","0","0","0","0"
"VA","04100","Chesterfield Fire EMS","2013","Other","2220","417","190","12","215","56","54","0","0","1276"
"VA","04100","Chesterfield Fire EMS","2014","Battery","1","0","1","0","0","0","0","0","0","0"
"VA","04100","Chesterfield Fire EMS","2014","Other","2281","444","210","6","229","59","61","0","0","1272"
"VA","04100","Chesterfield Fire EMS","2015","Battery","1","0","0","0","0","0","1","0","0","0"
"VA","04100","Chesterfield Fire EMS","2015","Other","2351","447","218","5","190","72","58","0","1","1360"
"VA","04100","Chesterfield Fire EMS","2016","Battery","1","1","0","0","0","0","0","0","0","0"
"VA","04100","Chesterfield Fire EMS","2016","Other","2634","489","219","8","234","69","57","0","1","1557"
"VA","04100","Chesterfield Fire EMS","2017","Battery","2","2","0","0","0","0","0","0","0","0"
"VA","04100","Chesterfield Fire EMS","2017","Other","39645","514","227","4","280","66","76","0","3","38475"
"VA","04100","Chesterfield Fire EMS","2018","Other","41458","454","235","13","265","52","50","0","7","40382"
"VA","04100","Chesterfield Fire EMS","2019","Other","41990","409","206","3","253","61","58","0","2","40998"
"VA","04100","Chesterfield Fire EMS","2020","Battery","1","0","0","0","0","1","0","0","0","0"
"VA","04100","Chesterfield Fire EMS","2020","Other","40766","349","184","3","193","60","59","1","1","39916"
"VA","04100","Chesterfield Fire EMS","2021","Other","46438","314","171","1","264","73","58","0","4","45553"
"VA","04100","Chesterfield Fire EMS","2022","Battery","3","3","0","0","0","0","0","0","0","0"
"VA","04100","Chesterfield Fire EMS","2022","Other","46994","343","191","1","241","86","58","1","4","46069"
"VA","04100","Chesterfield Fire EMS","2023","Battery","1","0","0","0","1","0","0","0","0","0"
"VA","04100","Chesterfield Fire EMS","2023","Other","47798","332","183","3","322","73","49","0","1","46835"
"WA","17M15","Seattle Fire Dept","2003","Other","2985","105","69","0","14","62","6","0","29","2700"
"WA","17M15","Seattle Fire Dept","2004","Other","3015","505","390","6","315","465","130","4","132","1068"
"WA","17M15","Seattle Fire Dept","2005","Other","2509","391","326","7","200","417","107","5","118","938"
"WA","17M15","Seattle Fire Dept","2006","Battery","1","0","1","0","0","0","0","0","0","0"
"WA","17M15","Seattle Fire Dept","2006","Other","3196","438","371","7","385","525","141","6","94","1229"
"WA","17M15","Seattle Fire Dept","2007","Other","2072","331","254","4","143","279","58","6","65","932"
"WA","17M15","Seattle Fire Dept","2008","Other","2300","382","270","13","183","437","95","5","3","912"
"WA","17M15","Seattle Fire Dept","2009","Battery","2","0","2","0","0","0","0","0","0","0"
"WA","17M15","Seattle Fire Dept","2009","Other","2136","326","238","6","271","427","110","2","1","755"
"WA","17M15","Seattle Fire Dept","2010","Battery","1","0","1","0","0","0","0","0","0","0"
"WA","17M15","Seattle Fire Dept","2010","Other","1616","252","200","2","89","303","56","0","0","714"
"WA","17M15","Seattle Fire Dept","2011","Battery","1","0","1","0","0","0","0","0","0","0"
"WA","17M15","Seattle Fire Dept","2011","Other","1728","289","187","2","143","340","55","4","17","691"
"WA","17M15","Seattle Fire Dept","2012","Other","2018","360","207","6","210","360","72","3","41","759"
"WA","17M15","Seattle Fire Dept","2013","Other","2119","344","214","6","206","410","68","1","56","814"
"WA","17M15","Seattle Fire Dept","2014","Other","2405","358","213","1","218","501","89","6","84","935"
"WA","17M15","Seattle Fire Dept","2015","Other","3088","644","212","4","402","581","93","5","109","1038"
"WA","17M15","Seattle Fire Dept","2016","Other","3116","644","218","12","303","637","107","2","116","1077"
"WA","17M15","Seattle Fire Dept","2017","Other","14660","579","266","10","354","644","101","2","136","12568"
"WA","17M15","Seattle Fire Dept","2018","Battery","1","0","1","0","0","0","0","0","0","0"
"WA","17M15","Seattle Fire Dept","2018","Other","13903","601","192","16","315","763","120","4","104","11788"
"WA","17M15","Seattle Fire Dept","2019","Battery","1","1","0","0","0","0","0","0","0","0"
"WA","17M15","Seattle Fire Dept","2019","Other","17223","600","217","17","243","1039","166","0","125","14816"
"WA","17M15","Seattle Fire Dept","2020","Battery","1","1","0","0","0","0","0","0","0","0"
"WA","17M15","Seattle Fire Dept","2020","Other","14335","655","211","22","194","1485","162","0","106","11500"
"WA","17M15","Seattle Fire Dept","2021","Battery","1","0","0","0","0","0","0","0","1","0"
"WA","17M15","Seattle Fire Dept","2021","Other","19958","933","276","55","374","2756","236","8","158","15162"
"WA","17M15","Seattle Fire Dept","2022","Battery","12","6","1","0","0","0","3","0","2","0"
"WA","17M15","Seattle Fire Dept","2022","Other","22107","1268","276","67","355","2986","172","3","110","16870"
"WA","17M15","Seattle Fire Dept","2023","Battery","3","0","0","0","0","0","1","0","2","0"
"WA","17M15","Seattle Fire Dept","2023","Other","22759","1233","252","39","487","3061","160","1","146","17380"
"WA","27D06","Pierce6 Central Pierce","2002","Other","11682","260","121","17","157","121","7","1","23","10975"
"WA","27D06","Pierce6 Central Pierce","2003","Other","13751","294","149","19","261","117","14","1","31","12865"
"WA","27D06","Pierce6 Central Pierce","2004","Other","1164","244","118","16","160","88","16","0","34","488"
"WA","27D06","Pierce6 Central Pierce","2005","Other","1201","246","116","15","115","97","13","0","39","560"
"WA","27D06","Pierce6 Central Pierce","2006","Other","1484","251","117","7","174","97","20","2","34","782"
"WA","27D06","Pierce6 Central Pierce","2007","Other","1004","259","106","12","99","93","11","0","24","400"
"WA","27D06","Pierce6 Central Pierce","2008","Battery","1","1","0","0","0","0","0","0","0","0"
"WA","27D06","Pierce6 Central Pierce","2008","Other","909","227","96","14","98","89","15","0","13","357"
"WA","27D06","Pierce6 Central Pierce","2009","Other","1335","246","122","9","233","89","18","1","34","583"
"WA","27D06","Pierce6 Central Pierce","2010","Other","1270","265","108","9","94","122","19","2","41","610"
"WA","27D06","Pierce6 Central Pierce","2011","Other","844","226","60","2","42","85","8","1","29","391"
"WA","27D06","Pierce6 Central Pierce","2012","Other","736","87","23","6","16","59","6","0","27","512"
"WA","27D06","Pierce6 Central Pierce","2013","Other","16","2","1","0","0","2","1","0","0","10"
"WA","27D06","Pierce6 Central Pierce","2014","Other","674","119","47","7","85","52","5","0","19","340"
"WA","27D06","Pierce6 Central Pierce","2015","Battery","1","0","0","0","0","0","0","0","1","0"
"WA","27D06","Pierce6 Central Pierce","2015","Other","1187","174","77","8","203","77","91","0","12","545"
"WA","27D06","Pierce6 Central Pierce","2016","Battery","1","1","0","0","0","0","0","0","0","0"
"WA","27D06","Pierce6 Central Pierce","2016","Other","1226","225","84","13","95","99","63","1","19","627"
"WA","27D06","Pierce6 Central Pierce","2017","Other","29306","230","88","6","151","115","102","1","34","28579"
"WA","27D06","Pierce6 Central Pierce","2018","Other","29857","211","84","15","143","96","83","1","22","29202"
"WA","27D06","Pierce6 Central Pierce","2019","Battery","1","1","0","0","0","0","0","0","0","0"
"WA","27D06","Pierce6 Central Pierce","2019","Other","31011","202","122","11","131","119","68","0","30","30328"
"WA","27D06","Pierce6 Central Pierce","2020","Battery","1","1","0","0","0","0","0","0","0","0"
"WA","27D06","Pierce6 Central Pierce","2020","Other","29499","182","90","9","139","148","92","1","34","28804"
"WA","27D06","Pierce6 Central Pierce","2021","Other","33708","188","143","8","225","231","24","0","65","32824"
"WA","27D06","Pierce6 Central Pierce","2022","Battery","1","1","0","0","0","0","0","0","0","0"
"WA","27D06","Pierce6 Central Pierce","2022","Other","34978","200","143","6","180","256","31","0","72","34090"
"WA","27D06","Pierce6 Central Pierce","2023","Other","35291","206","141","7","331","271","24","1","73","34237"
"WI","05040","Green Bay Fire Department","2002","Other","6281","130","42","0","26","27","8","0","14","6034"
"WI","05040","Green Bay Fire Department","2003","Other","8795","209","57","1","5","30","10","0","66","8417"
"WI","05040","Green Bay Fire Department","2004","Other","675","178","60","2","46","43","16","0","11","319"
"WI","05040","Green Bay Fire Department","2005","Other","589","145","42","1","57","40","6","0","9","289"
"WI","05040","Green Bay Fire Department","2006","Battery","1","0","1","0","0","0","0","0","0","0"
"WI","05040","Green Bay Fire Department","2006","Other","738","196","64","3","44","38","13","0","17","363"
"WI","05040","Green Bay Fire Department","2007","Other","731","194","63","0","43","50","5","0","6","370"
"WI","05040","Green Bay Fire Department","2008","Battery","1","0","0","0","0","0","0","0","1","0"
"WI","05040","Green Bay Fire Department","2008","Other","475","105","51","0","31","25","3","0","2","258"
"WI","05040","Green Bay Fire Department","2009","Other","458","99","34","2","23","31","6","0","17","246"
"WI","05040","Green Bay Fire Department","2010","Battery","1","0","1","0","0","0","0","0","0","0"
"WI","05040","Green Bay Fire Department","2010","Other","512","108","38","0","9","46","11","0","20","280"
"WI","05040","Green Bay Fire Department","2011","Other","666","138","39","0","15","34","7","1","9","423"
"WI","05040","Green Bay Fire Department","2012","Other","572","101","39","1","33","44","11","0","9","334"
"WI","05040","Green Bay Fire Department","2013","Other","680","163","37","0","15","43","7","0","6","409"
"WI","05040","Green Bay Fire Department","2014","Other","610","143","47","1","21","35","8","0","5","350"
"WI","05040","Green Bay Fire Department","2015","Other","695","144","51","0","24","36","10","0","7","423"
"WI","05040","Green Bay Fire Department","2016","Other","656","126","45","1","14","39","7","0","3","421"
"WI","05040","Green Bay Fire Department","2017","Other","12929","132","50","3","14","30","7","0","5","12688"
"WI","05040","Green Bay Fire Department","2018","Battery","1","1","0","0","0","0","0","0","0","0"
"WI","05040","Green Bay Fire Department","2018","Other","13372","153","41","1","14","25","7","1","9","13121"
"WI","05040","Green Bay Fire Department","2019","Battery","1","1","0","0","0","0","0","0","0","0"
"WI","05040","Green Bay Fire Department","2019","Other","14069","156","44","1","8","14","4","0","2","13840"
"WI","05040","Green Bay Fire Department","2020","Battery","1","1","0","0","0","0","0","0","0","0"
"WI","05040","Green Bay Fire Department","2020","Other","13449","129","40","1","11","30","4","0","2","13232"
"WI","05040","Green Bay Fire Department","2021","Battery","1","1","0","0","0","0","0","0","0","0"
"WI","05040","Green Bay Fire Department","2021","Other","15970","166","42","2","19","17","2","2","2","15718"
"WI","05040","Green Bay Fire Department","2022","Battery","1","1","0","0","0","0","0","0","0","0"
"WI","05040","Green Bay Fire Department","2022","Other","17502","171","43","1","15","31","7","0","5","17229"
"WI","05040","Green Bay Fire Department","2023","Battery","2","2","0","0","0","0","0","0","0","0"
"WI","05040","Green Bay Fire Department","2023","Other","16931","164","52","3","26","21","7","0","8","16650"
